{
    "CFDocument":
        {
        "identifier": "20c5134f-423d-4097-a971-3dd5152bf507",
        "uri": "http:\/\/opensalt-staging.opened.com\/uri\/20c5134f-423d-4097-a971-3dd5152bf507",
        "creator": "Brandon Dorman",
        "title": "What Standards Could Be",
                                                        "adoptionStatus": "Draft",                        "lastChangeDateTime": "2017-05-25T18:05:33",
                "CFPackageURI": "http:\/\/opensalt-staging.opened.com\/uri\/20c5134f-423d-4097-a971-3dd5152bf507"
    }
    ,"CFItems": [
                                                                {
        "CFDocumentURI": "http:\/\/opensalt-staging.opened.com\/uri\/20c5134f-423d-4097-a971-3dd5152bf507",
        "identifier": "edfce0e7-dbbf-40d5-af1a-baccabef85e9",
        "uri": "http:\/\/opensalt-staging.opened.com\/uri\/edfce0e7-dbbf-40d5-af1a-baccabef85e9","fullStatement": "Understand ratio concepts and use ratio reasoning to solve problems.",            "humanCodingScheme": "CCSS.Math.Content.6.RP.A",
                                                            "language": "en",
                            "educationalLevel": "06",
                            "CFItemType": "Cluster",
            "CFItemTypeURI": {
                "title": "Cluster",
                "identifier": "5b5f9983-eabb-4661-aca4-9e0c81046772",
                "uri": "http:\/\/opensalt-staging.opened.com\/uri\/5b5f9983-eabb-4661-aca4-9e0c81046772"
            },
                        "lastChangeDateTime": "2017-05-25T18:05:33",
        "CFItemAssociationURI": "http:\/\/opensalt-staging.opened.com\/uri\/edfce0e7-dbbf-40d5-af1a-baccabef85e9\/associations"
    }
                            ,                                    {
        "CFDocumentURI": "http:\/\/opensalt-staging.opened.com\/uri\/20c5134f-423d-4097-a971-3dd5152bf507",
        "identifier": "ddcf67a6-abf2-4df1-8d95-8752d65f0ec2",
        "uri": "http:\/\/opensalt-staging.opened.com\/uri\/ddcf67a6-abf2-4df1-8d95-8752d65f0ec2","fullStatement": "Analyze proportional relationships and use them to solve real-world and mathematical problems.",            "humanCodingScheme": "CCSS.Math.Content.7.RP.A",
                                                            "language": "en",
                            "educationalLevel": "07",
                            "CFItemType": "Cluster",
            "CFItemTypeURI": {
                "title": "Cluster",
                "identifier": "5b5f9983-eabb-4661-aca4-9e0c81046772",
                "uri": "http:\/\/opensalt-staging.opened.com\/uri\/5b5f9983-eabb-4661-aca4-9e0c81046772"
            },
                        "lastChangeDateTime": "2017-05-25T18:05:33",
        "CFItemAssociationURI": "http:\/\/opensalt-staging.opened.com\/uri\/ddcf67a6-abf2-4df1-8d95-8752d65f0ec2\/associations"
    }
                            ,                                    {
        "CFDocumentURI": "http:\/\/opensalt-staging.opened.com\/uri\/20c5134f-423d-4097-a971-3dd5152bf507",
        "identifier": "b6f61076-aa12-450b-8f9d-b86bc071f85e",
        "uri": "http:\/\/opensalt-staging.opened.com\/uri\/b6f61076-aa12-450b-8f9d-b86bc071f85e","fullStatement": "Understand the concept of a ratio and use ratio language to describe a ratio relationship between two quantities.",            "humanCodingScheme": "CCSS.Math.Content.6.RP.A.1",
                            "listEnumeration": "1.",
                                            "notes": "For example, \"The ratio of wings to beaks in the bird house at the zoo was 2:1, because for every 2 wings there was 1 beak.\" \"For every vote candidate A received, candidate C received nearly three votes.\"",
                            "language": "en",
                            "educationalLevel": "06",
                            "CFItemType": "Standard",
            "CFItemTypeURI": {
                "title": "Standard",
                "identifier": "bbc1a9ba-640e-4bf2-a52c-b1cec75b4ee7",
                "uri": "http:\/\/opensalt-staging.opened.com\/uri\/bbc1a9ba-640e-4bf2-a52c-b1cec75b4ee7"
            },
                        "lastChangeDateTime": "2017-05-25T18:05:29",
        "CFItemAssociationURI": "http:\/\/opensalt-staging.opened.com\/uri\/b6f61076-aa12-450b-8f9d-b86bc071f85e\/associations"
    }
                            ,                                    {
        "CFDocumentURI": "http:\/\/opensalt-staging.opened.com\/uri\/20c5134f-423d-4097-a971-3dd5152bf507",
        "identifier": "40f75f2b-8de6-4ff4-b28c-ac64c658777a",
        "uri": "http:\/\/opensalt-staging.opened.com\/uri\/40f75f2b-8de6-4ff4-b28c-ac64c658777a","fullStatement": "Compute unit rates associated with ratios of fractions, including ratios of lengths, areas and other quantities measured in like or different units.",            "humanCodingScheme": "CCSS.Math.Content.7.RP.A.1",
                            "listEnumeration": "1.",
                                            "notes": "For example, if a person walks 1\/2 mile in each 1\/4 hour, compute the unit rate as the complex fraction <sup>1\/2<\/sup>\/<sub>1\/4<\/sub> miles per hour, equivalently 2 miles per hour.",
                            "language": "en",
                            "educationalLevel": "07",
                            "CFItemType": "Standard",
            "CFItemTypeURI": {
                "title": "Standard",
                "identifier": "bbc1a9ba-640e-4bf2-a52c-b1cec75b4ee7",
                "uri": "http:\/\/opensalt-staging.opened.com\/uri\/bbc1a9ba-640e-4bf2-a52c-b1cec75b4ee7"
            },
                        "lastChangeDateTime": "2017-05-25T18:05:33",
        "CFItemAssociationURI": "http:\/\/opensalt-staging.opened.com\/uri\/40f75f2b-8de6-4ff4-b28c-ac64c658777a\/associations"
    }
                            ,                                    {
        "CFDocumentURI": "http:\/\/opensalt-staging.opened.com\/uri\/20c5134f-423d-4097-a971-3dd5152bf507",
        "identifier": "eceec0fb-e4de-4ef3-a48f-0987b366c9ae",
        "uri": "http:\/\/opensalt-staging.opened.com\/uri\/eceec0fb-e4de-4ef3-a48f-0987b366c9ae","fullStatement": "Understand the concept of a unit rate a\/b associated with a ratio a:b with b \u2260 0, and use rate language in the context of a ratio relationship.",            "humanCodingScheme": "CCSS.Math.Content.6.RP.A.2",
                            "listEnumeration": "2.",
                                            "notes": "Expectations for unit rates in this grade are limited to non-complex fractions.",
                            "language": "en",
                            "educationalLevel": "06",
                            "CFItemType": "Standard",
            "CFItemTypeURI": {
                "title": "Standard",
                "identifier": "bbc1a9ba-640e-4bf2-a52c-b1cec75b4ee7",
                "uri": "http:\/\/opensalt-staging.opened.com\/uri\/bbc1a9ba-640e-4bf2-a52c-b1cec75b4ee7"
            },
                        "lastChangeDateTime": "2017-05-25T18:05:29",
        "CFItemAssociationURI": "http:\/\/opensalt-staging.opened.com\/uri\/eceec0fb-e4de-4ef3-a48f-0987b366c9ae\/associations"
    }
                            ,                                    {
        "CFDocumentURI": "http:\/\/opensalt-staging.opened.com\/uri\/20c5134f-423d-4097-a971-3dd5152bf507",
        "identifier": "67fe61c2-0710-4db0-9844-df510976b733",
        "uri": "http:\/\/opensalt-staging.opened.com\/uri\/67fe61c2-0710-4db0-9844-df510976b733","fullStatement": "Recognize and represent proportional relationships between quantities.",            "humanCodingScheme": "CCSS.Math.Content.7.RP.A.2",
                            "listEnumeration": "2.",
                                                    "language": "en",
                            "educationalLevel": "07",
                            "CFItemType": "Standard",
            "CFItemTypeURI": {
                "title": "Standard",
                "identifier": "bbc1a9ba-640e-4bf2-a52c-b1cec75b4ee7",
                "uri": "http:\/\/opensalt-staging.opened.com\/uri\/bbc1a9ba-640e-4bf2-a52c-b1cec75b4ee7"
            },
                        "lastChangeDateTime": "2017-05-25T18:05:33",
        "CFItemAssociationURI": "http:\/\/opensalt-staging.opened.com\/uri\/67fe61c2-0710-4db0-9844-df510976b733\/associations"
    }
                            ,                                    {
        "CFDocumentURI": "http:\/\/opensalt-staging.opened.com\/uri\/20c5134f-423d-4097-a971-3dd5152bf507",
        "identifier": "d83a65ed-770c-4dbe-a505-11e5e17a9a79",
        "uri": "http:\/\/opensalt-staging.opened.com\/uri\/d83a65ed-770c-4dbe-a505-11e5e17a9a79","fullStatement": "Use ratio and rate reasoning to solve real-world and mathematical problems, e.g., by reasoning about tables of equivalent ratios, tape diagrams, double number line diagrams, or equations.",            "humanCodingScheme": "CCSS.Math.Content.6.RP.A.3",
                            "listEnumeration": "3.",
                                                    "language": "en",
                            "educationalLevel": "06",
                            "CFItemType": "Standard",
            "CFItemTypeURI": {
                "title": "Standard",
                "identifier": "bbc1a9ba-640e-4bf2-a52c-b1cec75b4ee7",
                "uri": "http:\/\/opensalt-staging.opened.com\/uri\/bbc1a9ba-640e-4bf2-a52c-b1cec75b4ee7"
            },
                        "lastChangeDateTime": "2017-05-25T18:05:29",
        "CFItemAssociationURI": "http:\/\/opensalt-staging.opened.com\/uri\/d83a65ed-770c-4dbe-a505-11e5e17a9a79\/associations"
    }
                            ,                                    {
        "CFDocumentURI": "http:\/\/opensalt-staging.opened.com\/uri\/20c5134f-423d-4097-a971-3dd5152bf507",
        "identifier": "693cfbbf-26bc-4e91-87ef-1badd646b720",
        "uri": "http:\/\/opensalt-staging.opened.com\/uri\/693cfbbf-26bc-4e91-87ef-1badd646b720","fullStatement": "Use proportional relationships to solve multistep ratio and percent problems.",            "humanCodingScheme": "CCSS.Math.Content.7.RP.A.3",
                            "listEnumeration": "3.",
                                            "notes": "Examples: simple interest, tax, markups and markdowns, gratuities and commissions, fees, percent increase and decrease, percent error.",
                            "language": "en",
                            "educationalLevel": "07",
                            "CFItemType": "Standard",
            "CFItemTypeURI": {
                "title": "Standard",
                "identifier": "bbc1a9ba-640e-4bf2-a52c-b1cec75b4ee7",
                "uri": "http:\/\/opensalt-staging.opened.com\/uri\/bbc1a9ba-640e-4bf2-a52c-b1cec75b4ee7"
            },
                        "lastChangeDateTime": "2017-05-25T18:05:33",
        "CFItemAssociationURI": "http:\/\/opensalt-staging.opened.com\/uri\/693cfbbf-26bc-4e91-87ef-1badd646b720\/associations"
    }
                            ,                                    {
        "CFDocumentURI": "http:\/\/opensalt-staging.opened.com\/uri\/20c5134f-423d-4097-a971-3dd5152bf507",
        "identifier": "acc5bce4-435f-47b3-b5aa-2ebb459061b0",
        "uri": "http:\/\/opensalt-staging.opened.com\/uri\/acc5bce4-435f-47b3-b5aa-2ebb459061b0","fullStatement": "Make tables of equivalent ratios relating quantities with whole number measurements, find missing values in the tables, and plot the pairs of values on the coordinate plane. Use tables to compare ratios.",            "humanCodingScheme": "CCSS.Math.Content.6.RP.A.3a",
                            "listEnumeration": "a.",
                                                    "language": "en",
                            "educationalLevel": "06",
                            "CFItemType": "Component",
            "CFItemTypeURI": {
                "title": "Component",
                "identifier": "25e51172-9ee2-4990-806f-1bceb32633d1",
                "uri": "http:\/\/opensalt-staging.opened.com\/uri\/25e51172-9ee2-4990-806f-1bceb32633d1"
            },
                        "lastChangeDateTime": "2017-05-25T18:05:29",
        "CFItemAssociationURI": "http:\/\/opensalt-staging.opened.com\/uri\/acc5bce4-435f-47b3-b5aa-2ebb459061b0\/associations"
    }
                            ,                                    {
        "CFDocumentURI": "http:\/\/opensalt-staging.opened.com\/uri\/20c5134f-423d-4097-a971-3dd5152bf507",
        "identifier": "fa750353-4f6b-4a08-a93c-8a55ce98ebc0",
        "uri": "http:\/\/opensalt-staging.opened.com\/uri\/fa750353-4f6b-4a08-a93c-8a55ce98ebc0","fullStatement": "Decide whether two quantities are in a proportional relationship, e.g., by testing for equivalent ratios in a table or graphing on a coordinate plane and observing whether the graph is a straight line through the origin.",            "humanCodingScheme": "CCSS.Math.Content.7.RP.A.2a",
                            "listEnumeration": "a.",
                                                    "language": "en",
                            "educationalLevel": "07",
                            "CFItemType": "Component",
            "CFItemTypeURI": {
                "title": "Component",
                "identifier": "25e51172-9ee2-4990-806f-1bceb32633d1",
                "uri": "http:\/\/opensalt-staging.opened.com\/uri\/25e51172-9ee2-4990-806f-1bceb32633d1"
            },
                        "lastChangeDateTime": "2017-05-25T18:05:33",
        "CFItemAssociationURI": "http:\/\/opensalt-staging.opened.com\/uri\/fa750353-4f6b-4a08-a93c-8a55ce98ebc0\/associations"
    }
                            ,                                    {
        "CFDocumentURI": "http:\/\/opensalt-staging.opened.com\/uri\/20c5134f-423d-4097-a971-3dd5152bf507",
        "identifier": "7404f29a-ebc2-45f3-a8c8-921b8772ebc8",
        "uri": "http:\/\/opensalt-staging.opened.com\/uri\/7404f29a-ebc2-45f3-a8c8-921b8772ebc8","fullStatement": "Solve unit rate problems including those involving unit pricing and constant speed.",            "humanCodingScheme": "CCSS.Math.Content.6.RP.A.3b",
                            "listEnumeration": "b.",
                                            "notes": "For example, if it took 7 hours to mow 4 lawns, then at that rate, how many lawns could be mowed in 35 hours? At what rate were lawns being mowed?",
                            "language": "en",
                            "educationalLevel": "06",
                            "CFItemType": "Component",
            "CFItemTypeURI": {
                "title": "Component",
                "identifier": "25e51172-9ee2-4990-806f-1bceb32633d1",
                "uri": "http:\/\/opensalt-staging.opened.com\/uri\/25e51172-9ee2-4990-806f-1bceb32633d1"
            },
                        "lastChangeDateTime": "2017-05-25T18:05:29",
        "CFItemAssociationURI": "http:\/\/opensalt-staging.opened.com\/uri\/7404f29a-ebc2-45f3-a8c8-921b8772ebc8\/associations"
    }
                            ,                                    {
        "CFDocumentURI": "http:\/\/opensalt-staging.opened.com\/uri\/20c5134f-423d-4097-a971-3dd5152bf507",
        "identifier": "dc31d28f-8227-41b9-8720-1a54ae16b121",
        "uri": "http:\/\/opensalt-staging.opened.com\/uri\/dc31d28f-8227-41b9-8720-1a54ae16b121","fullStatement": "Identify the constant of proportionality (unit rate) in tables, graphs, equations, diagrams, and verbal descriptions of proportional relationships.",            "humanCodingScheme": "CCSS.Math.Content.7.RP.A.2b",
                            "listEnumeration": "b.",
                                                    "language": "en",
                            "educationalLevel": "07",
                            "CFItemType": "Component",
            "CFItemTypeURI": {
                "title": "Component",
                "identifier": "25e51172-9ee2-4990-806f-1bceb32633d1",
                "uri": "http:\/\/opensalt-staging.opened.com\/uri\/25e51172-9ee2-4990-806f-1bceb32633d1"
            },
                        "lastChangeDateTime": "2017-05-25T18:05:33",
        "CFItemAssociationURI": "http:\/\/opensalt-staging.opened.com\/uri\/dc31d28f-8227-41b9-8720-1a54ae16b121\/associations"
    }
                            ,                                    {
        "CFDocumentURI": "http:\/\/opensalt-staging.opened.com\/uri\/20c5134f-423d-4097-a971-3dd5152bf507",
        "identifier": "63d859f8-45f6-47e3-9d65-189a3214f677",
        "uri": "http:\/\/opensalt-staging.opened.com\/uri\/63d859f8-45f6-47e3-9d65-189a3214f677","fullStatement": "Find a percent of a quantity as a rate per 100 (e.g., 30% of a quantity means 30\/100 times the quantity); solve problems involving finding the whole, given a part and the percent.",            "humanCodingScheme": "CCSS.Math.Content.6.RP.A.3c",
                            "listEnumeration": "c.",
                                                    "language": "en",
                            "educationalLevel": "06",
                            "CFItemType": "Component",
            "CFItemTypeURI": {
                "title": "Component",
                "identifier": "25e51172-9ee2-4990-806f-1bceb32633d1",
                "uri": "http:\/\/opensalt-staging.opened.com\/uri\/25e51172-9ee2-4990-806f-1bceb32633d1"
            },
                        "lastChangeDateTime": "2017-05-25T18:05:29",
        "CFItemAssociationURI": "http:\/\/opensalt-staging.opened.com\/uri\/63d859f8-45f6-47e3-9d65-189a3214f677\/associations"
    }
                            ,                                    {
        "CFDocumentURI": "http:\/\/opensalt-staging.opened.com\/uri\/20c5134f-423d-4097-a971-3dd5152bf507",
        "identifier": "22ae2386-364f-4ef7-adc1-12baff72243d",
        "uri": "http:\/\/opensalt-staging.opened.com\/uri\/22ae2386-364f-4ef7-adc1-12baff72243d","fullStatement": "Represent proportional relationships by equations.",            "humanCodingScheme": "CCSS.Math.Content.7.RP.A.2c",
                            "listEnumeration": "c.",
                                            "notes": "For example, if total cost t is proportional to the number n of items purchased at a constant price p, the relationship between the total cost and the number of items can be expressed as t = pn.",
                            "language": "en",
                            "educationalLevel": "07",
                            "CFItemType": "Component",
            "CFItemTypeURI": {
                "title": "Component",
                "identifier": "25e51172-9ee2-4990-806f-1bceb32633d1",
                "uri": "http:\/\/opensalt-staging.opened.com\/uri\/25e51172-9ee2-4990-806f-1bceb32633d1"
            },
                        "lastChangeDateTime": "2017-05-25T18:05:33",
        "CFItemAssociationURI": "http:\/\/opensalt-staging.opened.com\/uri\/22ae2386-364f-4ef7-adc1-12baff72243d\/associations"
    }
                            ,                                    {
        "CFDocumentURI": "http:\/\/opensalt-staging.opened.com\/uri\/20c5134f-423d-4097-a971-3dd5152bf507",
        "identifier": "a99194b2-fe89-42fc-97ee-969f295f88cb",
        "uri": "http:\/\/opensalt-staging.opened.com\/uri\/a99194b2-fe89-42fc-97ee-969f295f88cb","fullStatement": "Use ratio reasoning to convert measurement units; manipulate and transform units appropriately when multiplying or dividing quantities.",            "humanCodingScheme": "CCSS.Math.Content.6.RP.A.3d",
                            "listEnumeration": "d.",
                                                    "language": "en",
                            "educationalLevel": "06",
                            "CFItemType": "Component",
            "CFItemTypeURI": {
                "title": "Component",
                "identifier": "25e51172-9ee2-4990-806f-1bceb32633d1",
                "uri": "http:\/\/opensalt-staging.opened.com\/uri\/25e51172-9ee2-4990-806f-1bceb32633d1"
            },
                        "lastChangeDateTime": "2017-05-25T18:05:29",
        "CFItemAssociationURI": "http:\/\/opensalt-staging.opened.com\/uri\/a99194b2-fe89-42fc-97ee-969f295f88cb\/associations"
    }
                            ,                                    {
        "CFDocumentURI": "http:\/\/opensalt-staging.opened.com\/uri\/20c5134f-423d-4097-a971-3dd5152bf507",
        "identifier": "b18dbab7-98a2-4598-bb46-3a73f56fe962",
        "uri": "http:\/\/opensalt-staging.opened.com\/uri\/b18dbab7-98a2-4598-bb46-3a73f56fe962","fullStatement": "Explain what a point (x, y) on the graph of a proportional relationship means in terms of the situation, with special attention to the points (0, 0) and (1, r) where r is the unit rate.",            "humanCodingScheme": "CCSS.Math.Content.7.RP.A.2d",
                            "listEnumeration": "d.",
                                                    "language": "en",
                            "educationalLevel": "07",
                            "CFItemType": "Component",
            "CFItemTypeURI": {
                "title": "Component",
                "identifier": "25e51172-9ee2-4990-806f-1bceb32633d1",
                "uri": "http:\/\/opensalt-staging.opened.com\/uri\/25e51172-9ee2-4990-806f-1bceb32633d1"
            },
                        "lastChangeDateTime": "2017-05-25T18:05:33",
        "CFItemAssociationURI": "http:\/\/opensalt-staging.opened.com\/uri\/b18dbab7-98a2-4598-bb46-3a73f56fe962\/associations"
    }
                    ]    ,"CFAssociations": [
                                                                {
        "CFDocumentURI": "http:\/\/opensalt-staging.opened.com\/uri\/20c5134f-423d-4097-a971-3dd5152bf507",         "identifier": "b4d83eff-ae8e-45e5-b039-d7b832c05cd3",
        "uri": "http:\/\/opensalt-staging.opened.com\/uri\/b4d83eff-ae8e-45e5-b039-d7b832c05cd3",
                "originNodeURI": {
            "title": "Origin",
            "identifier": "edfce0e7-dbbf-40d5-af1a-baccabef85e9",
            "uri": "http:\/\/opensalt-staging.opened.com\/uri\/edfce0e7-dbbf-40d5-af1a-baccabef85e9"
        },
        "associationType": "exactMatchOf",
        "destinationNodeURI": {
            "title": "Destination",
            "identifier": "5b6c487e-04f1-5ba9-9722-d099849b9167",
            "uri": "http:\/\/opensalt-staging.opened.com\/uri\/5b6c487e-04f1-5ba9-9722-d099849b9167"
        },
        "lastChangeDateTime": "2017-05-25T18:05:29"
    }
                            ,                                    {
        "CFDocumentURI": "http:\/\/opensalt-staging.opened.com\/uri\/20c5134f-423d-4097-a971-3dd5152bf507",         "identifier": "ca4e7b81-299e-4b48-9298-713c649cd0f2",
        "uri": "http:\/\/opensalt-staging.opened.com\/uri\/ca4e7b81-299e-4b48-9298-713c649cd0f2",
                "originNodeURI": {
            "title": "Origin",
            "identifier": "b6f61076-aa12-450b-8f9d-b86bc071f85e",
            "uri": "http:\/\/opensalt-staging.opened.com\/uri\/b6f61076-aa12-450b-8f9d-b86bc071f85e"
        },
        "associationType": "exactMatchOf",
        "destinationNodeURI": {
            "title": "Destination",
            "identifier": "2c75d647-4ed4-56d8-965d-c3affe91643d",
            "uri": "http:\/\/opensalt-staging.opened.com\/uri\/2c75d647-4ed4-56d8-965d-c3affe91643d"
        },
        "lastChangeDateTime": "2017-05-25T18:05:29"
    }
                            ,                                    {
        "CFDocumentURI": "http:\/\/opensalt-staging.opened.com\/uri\/20c5134f-423d-4097-a971-3dd5152bf507",         "identifier": "4ad37462-644e-4c3f-a98f-cc9a7f7b827a",
        "uri": "http:\/\/opensalt-staging.opened.com\/uri\/4ad37462-644e-4c3f-a98f-cc9a7f7b827a",
                "originNodeURI": {
            "title": "Origin",
            "identifier": "b6f61076-aa12-450b-8f9d-b86bc071f85e",
            "uri": "http:\/\/opensalt-staging.opened.com\/uri\/b6f61076-aa12-450b-8f9d-b86bc071f85e"
        },
        "associationType": "isChildOf",
        "destinationNodeURI": {
            "title": "CCSS.Math.Content.6.RP.A",
            "identifier": "edfce0e7-dbbf-40d5-af1a-baccabef85e9",
            "uri": "http:\/\/opensalt-staging.opened.com\/uri\/edfce0e7-dbbf-40d5-af1a-baccabef85e9"
        },
        "lastChangeDateTime": "2017-05-25T18:05:29"
    }
                            ,                                    {
        "CFDocumentURI": "http:\/\/opensalt-staging.opened.com\/uri\/20c5134f-423d-4097-a971-3dd5152bf507",         "identifier": "8a7bf4a0-2ede-47bf-adc0-7401a5f14148",
        "uri": "http:\/\/opensalt-staging.opened.com\/uri\/8a7bf4a0-2ede-47bf-adc0-7401a5f14148",
                "originNodeURI": {
            "title": "Origin",
            "identifier": "eceec0fb-e4de-4ef3-a48f-0987b366c9ae",
            "uri": "http:\/\/opensalt-staging.opened.com\/uri\/eceec0fb-e4de-4ef3-a48f-0987b366c9ae"
        },
        "associationType": "exactMatchOf",
        "destinationNodeURI": {
            "title": "Destination",
            "identifier": "5c302a03-a424-59df-8199-368b89b92402",
            "uri": "http:\/\/opensalt-staging.opened.com\/uri\/5c302a03-a424-59df-8199-368b89b92402"
        },
        "lastChangeDateTime": "2017-05-25T18:05:29"
    }
                            ,                                    {
        "CFDocumentURI": "http:\/\/opensalt-staging.opened.com\/uri\/20c5134f-423d-4097-a971-3dd5152bf507",         "identifier": "903e4486-5920-4da2-a6b1-99e8db174304",
        "uri": "http:\/\/opensalt-staging.opened.com\/uri\/903e4486-5920-4da2-a6b1-99e8db174304",
                "originNodeURI": {
            "title": "Origin",
            "identifier": "eceec0fb-e4de-4ef3-a48f-0987b366c9ae",
            "uri": "http:\/\/opensalt-staging.opened.com\/uri\/eceec0fb-e4de-4ef3-a48f-0987b366c9ae"
        },
        "associationType": "isChildOf",
        "destinationNodeURI": {
            "title": "CCSS.Math.Content.6.RP.A",
            "identifier": "edfce0e7-dbbf-40d5-af1a-baccabef85e9",
            "uri": "http:\/\/opensalt-staging.opened.com\/uri\/edfce0e7-dbbf-40d5-af1a-baccabef85e9"
        },
        "lastChangeDateTime": "2017-05-25T18:05:29"
    }
                            ,                                    {
        "CFDocumentURI": "http:\/\/opensalt-staging.opened.com\/uri\/20c5134f-423d-4097-a971-3dd5152bf507",         "identifier": "1d590d29-4574-4919-8ce3-afd3a8501a9a",
        "uri": "http:\/\/opensalt-staging.opened.com\/uri\/1d590d29-4574-4919-8ce3-afd3a8501a9a",
                "originNodeURI": {
            "title": "Origin",
            "identifier": "acc5bce4-435f-47b3-b5aa-2ebb459061b0",
            "uri": "http:\/\/opensalt-staging.opened.com\/uri\/acc5bce4-435f-47b3-b5aa-2ebb459061b0"
        },
        "associationType": "exactMatchOf",
        "destinationNodeURI": {
            "title": "Destination",
            "identifier": "589058de-02dc-5242-a56b-694439b93c09",
            "uri": "http:\/\/opensalt-staging.opened.com\/uri\/589058de-02dc-5242-a56b-694439b93c09"
        },
        "lastChangeDateTime": "2017-05-25T18:05:29"
    }
                            ,                                    {
        "CFDocumentURI": "http:\/\/opensalt-staging.opened.com\/uri\/20c5134f-423d-4097-a971-3dd5152bf507",         "identifier": "d902205a-e09b-4969-a6c9-6ae7eb28b051",
        "uri": "http:\/\/opensalt-staging.opened.com\/uri\/d902205a-e09b-4969-a6c9-6ae7eb28b051",
                "originNodeURI": {
            "title": "Origin",
            "identifier": "acc5bce4-435f-47b3-b5aa-2ebb459061b0",
            "uri": "http:\/\/opensalt-staging.opened.com\/uri\/acc5bce4-435f-47b3-b5aa-2ebb459061b0"
        },
        "associationType": "isChildOf",
        "destinationNodeURI": {
            "title": "CCSS.Math.Content.6.RP.A.3",
            "identifier": "d83a65ed-770c-4dbe-a505-11e5e17a9a79",
            "uri": "http:\/\/opensalt-staging.opened.com\/uri\/d83a65ed-770c-4dbe-a505-11e5e17a9a79"
        },
        "lastChangeDateTime": "2017-05-25T18:05:29"
    }
                            ,                                    {
        "CFDocumentURI": "http:\/\/opensalt-staging.opened.com\/uri\/20c5134f-423d-4097-a971-3dd5152bf507",         "identifier": "3f861863-1707-4f95-be82-f28a2e8821d2",
        "uri": "http:\/\/opensalt-staging.opened.com\/uri\/3f861863-1707-4f95-be82-f28a2e8821d2",
                "originNodeURI": {
            "title": "Origin",
            "identifier": "d83a65ed-770c-4dbe-a505-11e5e17a9a79",
            "uri": "http:\/\/opensalt-staging.opened.com\/uri\/d83a65ed-770c-4dbe-a505-11e5e17a9a79"
        },
        "associationType": "exactMatchOf",
        "destinationNodeURI": {
            "title": "Destination",
            "identifier": "f75138f4-2cd3-5e67-b433-854a227c33bf",
            "uri": "http:\/\/opensalt-staging.opened.com\/uri\/f75138f4-2cd3-5e67-b433-854a227c33bf"
        },
        "lastChangeDateTime": "2017-05-25T18:05:29"
    }
                            ,                                    {
        "CFDocumentURI": "http:\/\/opensalt-staging.opened.com\/uri\/20c5134f-423d-4097-a971-3dd5152bf507",         "identifier": "3204896e-388f-43da-b3a8-af2daf466161",
        "uri": "http:\/\/opensalt-staging.opened.com\/uri\/3204896e-388f-43da-b3a8-af2daf466161",
                "originNodeURI": {
            "title": "Origin",
            "identifier": "d83a65ed-770c-4dbe-a505-11e5e17a9a79",
            "uri": "http:\/\/opensalt-staging.opened.com\/uri\/d83a65ed-770c-4dbe-a505-11e5e17a9a79"
        },
        "associationType": "isChildOf",
        "destinationNodeURI": {
            "title": "CCSS.Math.Content.6.RP.A",
            "identifier": "edfce0e7-dbbf-40d5-af1a-baccabef85e9",
            "uri": "http:\/\/opensalt-staging.opened.com\/uri\/edfce0e7-dbbf-40d5-af1a-baccabef85e9"
        },
        "lastChangeDateTime": "2017-05-25T18:05:29"
    }
                            ,                                    {
        "CFDocumentURI": "http:\/\/opensalt-staging.opened.com\/uri\/20c5134f-423d-4097-a971-3dd5152bf507",         "identifier": "bd0b20d1-8c6d-47c4-9cc9-80e244134e9a",
        "uri": "http:\/\/opensalt-staging.opened.com\/uri\/bd0b20d1-8c6d-47c4-9cc9-80e244134e9a",
                "originNodeURI": {
            "title": "Origin",
            "identifier": "7404f29a-ebc2-45f3-a8c8-921b8772ebc8",
            "uri": "http:\/\/opensalt-staging.opened.com\/uri\/7404f29a-ebc2-45f3-a8c8-921b8772ebc8"
        },
        "associationType": "isChildOf",
        "destinationNodeURI": {
            "title": "CCSS.Math.Content.6.RP.A.3",
            "identifier": "d83a65ed-770c-4dbe-a505-11e5e17a9a79",
            "uri": "http:\/\/opensalt-staging.opened.com\/uri\/d83a65ed-770c-4dbe-a505-11e5e17a9a79"
        },
        "lastChangeDateTime": "2017-05-25T18:05:29"
    }
                            ,                                    {
        "CFDocumentURI": "http:\/\/opensalt-staging.opened.com\/uri\/20c5134f-423d-4097-a971-3dd5152bf507",         "identifier": "2922714f-4db7-4da6-9368-cbbb96566414",
        "uri": "http:\/\/opensalt-staging.opened.com\/uri\/2922714f-4db7-4da6-9368-cbbb96566414",
                "originNodeURI": {
            "title": "Origin",
            "identifier": "7404f29a-ebc2-45f3-a8c8-921b8772ebc8",
            "uri": "http:\/\/opensalt-staging.opened.com\/uri\/7404f29a-ebc2-45f3-a8c8-921b8772ebc8"
        },
        "associationType": "exactMatchOf",
        "destinationNodeURI": {
            "title": "Destination",
            "identifier": "517fa3b2-bd3d-5b88-bd05-213e85ce00c5",
            "uri": "http:\/\/opensalt-staging.opened.com\/uri\/517fa3b2-bd3d-5b88-bd05-213e85ce00c5"
        },
        "lastChangeDateTime": "2017-05-25T18:05:29"
    }
                            ,                                    {
        "CFDocumentURI": "http:\/\/opensalt-staging.opened.com\/uri\/20c5134f-423d-4097-a971-3dd5152bf507",         "identifier": "0f80da04-5b74-492b-863b-cd035ead0303",
        "uri": "http:\/\/opensalt-staging.opened.com\/uri\/0f80da04-5b74-492b-863b-cd035ead0303",
                "originNodeURI": {
            "title": "Origin",
            "identifier": "63d859f8-45f6-47e3-9d65-189a3214f677",
            "uri": "http:\/\/opensalt-staging.opened.com\/uri\/63d859f8-45f6-47e3-9d65-189a3214f677"
        },
        "associationType": "isChildOf",
        "destinationNodeURI": {
            "title": "CCSS.Math.Content.6.RP.A.3",
            "identifier": "d83a65ed-770c-4dbe-a505-11e5e17a9a79",
            "uri": "http:\/\/opensalt-staging.opened.com\/uri\/d83a65ed-770c-4dbe-a505-11e5e17a9a79"
        },
        "lastChangeDateTime": "2017-05-25T18:05:29"
    }
                            ,                                    {
        "CFDocumentURI": "http:\/\/opensalt-staging.opened.com\/uri\/20c5134f-423d-4097-a971-3dd5152bf507",         "identifier": "99b2a7f9-b5ca-4754-a0f6-06b7742c9977",
        "uri": "http:\/\/opensalt-staging.opened.com\/uri\/99b2a7f9-b5ca-4754-a0f6-06b7742c9977",
                "originNodeURI": {
            "title": "Origin",
            "identifier": "63d859f8-45f6-47e3-9d65-189a3214f677",
            "uri": "http:\/\/opensalt-staging.opened.com\/uri\/63d859f8-45f6-47e3-9d65-189a3214f677"
        },
        "associationType": "exactMatchOf",
        "destinationNodeURI": {
            "title": "Destination",
            "identifier": "892145d9-36f1-5efe-8a5b-e76ca298daf5",
            "uri": "http:\/\/opensalt-staging.opened.com\/uri\/892145d9-36f1-5efe-8a5b-e76ca298daf5"
        },
        "lastChangeDateTime": "2017-05-25T18:05:29"
    }
                            ,                                    {
        "CFDocumentURI": "http:\/\/opensalt-staging.opened.com\/uri\/20c5134f-423d-4097-a971-3dd5152bf507",         "identifier": "7439a75c-3dfc-4a63-a06e-8c58902d4b37",
        "uri": "http:\/\/opensalt-staging.opened.com\/uri\/7439a75c-3dfc-4a63-a06e-8c58902d4b37",
                "originNodeURI": {
            "title": "Origin",
            "identifier": "a99194b2-fe89-42fc-97ee-969f295f88cb",
            "uri": "http:\/\/opensalt-staging.opened.com\/uri\/a99194b2-fe89-42fc-97ee-969f295f88cb"
        },
        "associationType": "isChildOf",
        "destinationNodeURI": {
            "title": "CCSS.Math.Content.6.RP.A.3",
            "identifier": "d83a65ed-770c-4dbe-a505-11e5e17a9a79",
            "uri": "http:\/\/opensalt-staging.opened.com\/uri\/d83a65ed-770c-4dbe-a505-11e5e17a9a79"
        },
        "lastChangeDateTime": "2017-05-25T18:05:29"
    }
                            ,                                    {
        "CFDocumentURI": "http:\/\/opensalt-staging.opened.com\/uri\/20c5134f-423d-4097-a971-3dd5152bf507",         "identifier": "337a620b-55d1-4acc-bc50-6e6db035344b",
        "uri": "http:\/\/opensalt-staging.opened.com\/uri\/337a620b-55d1-4acc-bc50-6e6db035344b",
                "originNodeURI": {
            "title": "Origin",
            "identifier": "a99194b2-fe89-42fc-97ee-969f295f88cb",
            "uri": "http:\/\/opensalt-staging.opened.com\/uri\/a99194b2-fe89-42fc-97ee-969f295f88cb"
        },
        "associationType": "exactMatchOf",
        "destinationNodeURI": {
            "title": "Destination",
            "identifier": "f7c0cfa6-7fc1-56ce-826a-55777769599f",
            "uri": "http:\/\/opensalt-staging.opened.com\/uri\/f7c0cfa6-7fc1-56ce-826a-55777769599f"
        },
        "lastChangeDateTime": "2017-05-25T18:05:29"
    }
                            ,                                    {
        "CFDocumentURI": "http:\/\/opensalt-staging.opened.com\/uri\/20c5134f-423d-4097-a971-3dd5152bf507",         "identifier": "a7364b9e-91e7-4b09-875f-5eab0d3e6f7c",
        "uri": "http:\/\/opensalt-staging.opened.com\/uri\/a7364b9e-91e7-4b09-875f-5eab0d3e6f7c",
                            "sequenceNumber": "1",
        "originNodeURI": {
            "title": "Origin",
            "identifier": "edfce0e7-dbbf-40d5-af1a-baccabef85e9",
            "uri": "http:\/\/opensalt-staging.opened.com\/uri\/edfce0e7-dbbf-40d5-af1a-baccabef85e9"
        },
        "associationType": "isChildOf",
        "destinationNodeURI": {
            "title": "What Standards Could Be",
            "identifier": "20c5134f-423d-4097-a971-3dd5152bf507",
            "uri": "http:\/\/opensalt-staging.opened.com\/uri\/20c5134f-423d-4097-a971-3dd5152bf507"
        },
        "lastChangeDateTime": "2017-05-25T18:05:33"
    }
                            ,                                    {
        "CFDocumentURI": "http:\/\/opensalt-staging.opened.com\/uri\/20c5134f-423d-4097-a971-3dd5152bf507",         "identifier": "d9d1280b-e901-47a1-b833-c0e714cc3538",
        "uri": "http:\/\/opensalt-staging.opened.com\/uri\/d9d1280b-e901-47a1-b833-c0e714cc3538",
                "originNodeURI": {
            "title": "Origin",
            "identifier": "ddcf67a6-abf2-4df1-8d95-8752d65f0ec2",
            "uri": "http:\/\/opensalt-staging.opened.com\/uri\/ddcf67a6-abf2-4df1-8d95-8752d65f0ec2"
        },
        "associationType": "exactMatchOf",
        "destinationNodeURI": {
            "title": "Destination",
            "identifier": "8dd0958c-8524-5e13-a6a7-540e1e1bd4fa",
            "uri": "http:\/\/opensalt-staging.opened.com\/uri\/8dd0958c-8524-5e13-a6a7-540e1e1bd4fa"
        },
        "lastChangeDateTime": "2017-05-25T18:05:33"
    }
                            ,                                    {
        "CFDocumentURI": "http:\/\/opensalt-staging.opened.com\/uri\/20c5134f-423d-4097-a971-3dd5152bf507",         "identifier": "64253a58-3767-4387-a315-d741f622dc38",
        "uri": "http:\/\/opensalt-staging.opened.com\/uri\/64253a58-3767-4387-a315-d741f622dc38",
                "originNodeURI": {
            "title": "Origin",
            "identifier": "40f75f2b-8de6-4ff4-b28c-ac64c658777a",
            "uri": "http:\/\/opensalt-staging.opened.com\/uri\/40f75f2b-8de6-4ff4-b28c-ac64c658777a"
        },
        "associationType": "exactMatchOf",
        "destinationNodeURI": {
            "title": "Destination",
            "identifier": "61a66013-f85c-59c7-bdba-a2c9030e1c21",
            "uri": "http:\/\/opensalt-staging.opened.com\/uri\/61a66013-f85c-59c7-bdba-a2c9030e1c21"
        },
        "lastChangeDateTime": "2017-05-25T18:05:33"
    }
                            ,                                    {
        "CFDocumentURI": "http:\/\/opensalt-staging.opened.com\/uri\/20c5134f-423d-4097-a971-3dd5152bf507",         "identifier": "560d8acb-45c8-49c3-8afb-86b90555b1aa",
        "uri": "http:\/\/opensalt-staging.opened.com\/uri\/560d8acb-45c8-49c3-8afb-86b90555b1aa",
                "originNodeURI": {
            "title": "Origin",
            "identifier": "40f75f2b-8de6-4ff4-b28c-ac64c658777a",
            "uri": "http:\/\/opensalt-staging.opened.com\/uri\/40f75f2b-8de6-4ff4-b28c-ac64c658777a"
        },
        "associationType": "isChildOf",
        "destinationNodeURI": {
            "title": "CCSS.Math.Content.7.RP.A",
            "identifier": "ddcf67a6-abf2-4df1-8d95-8752d65f0ec2",
            "uri": "http:\/\/opensalt-staging.opened.com\/uri\/ddcf67a6-abf2-4df1-8d95-8752d65f0ec2"
        },
        "lastChangeDateTime": "2017-05-25T18:05:33"
    }
                            ,                                    {
        "CFDocumentURI": "http:\/\/opensalt-staging.opened.com\/uri\/20c5134f-423d-4097-a971-3dd5152bf507",         "identifier": "de6e8d19-7c79-4e7f-b204-d34444d3a53e",
        "uri": "http:\/\/opensalt-staging.opened.com\/uri\/de6e8d19-7c79-4e7f-b204-d34444d3a53e",
                "originNodeURI": {
            "title": "Origin",
            "identifier": "fa750353-4f6b-4a08-a93c-8a55ce98ebc0",
            "uri": "http:\/\/opensalt-staging.opened.com\/uri\/fa750353-4f6b-4a08-a93c-8a55ce98ebc0"
        },
        "associationType": "exactMatchOf",
        "destinationNodeURI": {
            "title": "Destination",
            "identifier": "eb45278c-4c82-5879-ba2b-1bf6f90982ee",
            "uri": "http:\/\/opensalt-staging.opened.com\/uri\/eb45278c-4c82-5879-ba2b-1bf6f90982ee"
        },
        "lastChangeDateTime": "2017-05-25T18:05:33"
    }
                            ,                                    {
        "CFDocumentURI": "http:\/\/opensalt-staging.opened.com\/uri\/20c5134f-423d-4097-a971-3dd5152bf507",         "identifier": "60486a6b-bc1b-4b83-828e-5f1a028da5e8",
        "uri": "http:\/\/opensalt-staging.opened.com\/uri\/60486a6b-bc1b-4b83-828e-5f1a028da5e8",
                "originNodeURI": {
            "title": "Origin",
            "identifier": "fa750353-4f6b-4a08-a93c-8a55ce98ebc0",
            "uri": "http:\/\/opensalt-staging.opened.com\/uri\/fa750353-4f6b-4a08-a93c-8a55ce98ebc0"
        },
        "associationType": "isChildOf",
        "destinationNodeURI": {
            "title": "CCSS.Math.Content.7.RP.A.2",
            "identifier": "67fe61c2-0710-4db0-9844-df510976b733",
            "uri": "http:\/\/opensalt-staging.opened.com\/uri\/67fe61c2-0710-4db0-9844-df510976b733"
        },
        "lastChangeDateTime": "2017-05-25T18:05:33"
    }
                            ,                                    {
        "CFDocumentURI": "http:\/\/opensalt-staging.opened.com\/uri\/20c5134f-423d-4097-a971-3dd5152bf507",         "identifier": "0f4532a7-18be-49b3-a3f8-7afb0eab07b3",
        "uri": "http:\/\/opensalt-staging.opened.com\/uri\/0f4532a7-18be-49b3-a3f8-7afb0eab07b3",
                "originNodeURI": {
            "title": "Origin",
            "identifier": "67fe61c2-0710-4db0-9844-df510976b733",
            "uri": "http:\/\/opensalt-staging.opened.com\/uri\/67fe61c2-0710-4db0-9844-df510976b733"
        },
        "associationType": "exactMatchOf",
        "destinationNodeURI": {
            "title": "Destination",
            "identifier": "cbabebc3-43bc-54af-a68f-c4e03e18e3c1",
            "uri": "http:\/\/opensalt-staging.opened.com\/uri\/cbabebc3-43bc-54af-a68f-c4e03e18e3c1"
        },
        "lastChangeDateTime": "2017-05-25T18:05:33"
    }
                            ,                                    {
        "CFDocumentURI": "http:\/\/opensalt-staging.opened.com\/uri\/20c5134f-423d-4097-a971-3dd5152bf507",         "identifier": "43b9dac8-1e51-4169-b977-2fb4dbdcf602",
        "uri": "http:\/\/opensalt-staging.opened.com\/uri\/43b9dac8-1e51-4169-b977-2fb4dbdcf602",
                "originNodeURI": {
            "title": "Origin",
            "identifier": "67fe61c2-0710-4db0-9844-df510976b733",
            "uri": "http:\/\/opensalt-staging.opened.com\/uri\/67fe61c2-0710-4db0-9844-df510976b733"
        },
        "associationType": "isChildOf",
        "destinationNodeURI": {
            "title": "CCSS.Math.Content.7.RP.A",
            "identifier": "ddcf67a6-abf2-4df1-8d95-8752d65f0ec2",
            "uri": "http:\/\/opensalt-staging.opened.com\/uri\/ddcf67a6-abf2-4df1-8d95-8752d65f0ec2"
        },
        "lastChangeDateTime": "2017-05-25T18:05:33"
    }
                            ,                                    {
        "CFDocumentURI": "http:\/\/opensalt-staging.opened.com\/uri\/20c5134f-423d-4097-a971-3dd5152bf507",         "identifier": "84d43219-a127-4084-8840-9038c041dc54",
        "uri": "http:\/\/opensalt-staging.opened.com\/uri\/84d43219-a127-4084-8840-9038c041dc54",
                "originNodeURI": {
            "title": "Origin",
            "identifier": "dc31d28f-8227-41b9-8720-1a54ae16b121",
            "uri": "http:\/\/opensalt-staging.opened.com\/uri\/dc31d28f-8227-41b9-8720-1a54ae16b121"
        },
        "associationType": "isChildOf",
        "destinationNodeURI": {
            "title": "CCSS.Math.Content.7.RP.A.2",
            "identifier": "67fe61c2-0710-4db0-9844-df510976b733",
            "uri": "http:\/\/opensalt-staging.opened.com\/uri\/67fe61c2-0710-4db0-9844-df510976b733"
        },
        "lastChangeDateTime": "2017-05-25T18:05:33"
    }
                            ,                                    {
        "CFDocumentURI": "http:\/\/opensalt-staging.opened.com\/uri\/20c5134f-423d-4097-a971-3dd5152bf507",         "identifier": "1d60c8d5-db40-4a7b-9ecd-e817448d1e88",
        "uri": "http:\/\/opensalt-staging.opened.com\/uri\/1d60c8d5-db40-4a7b-9ecd-e817448d1e88",
                "originNodeURI": {
            "title": "Origin",
            "identifier": "dc31d28f-8227-41b9-8720-1a54ae16b121",
            "uri": "http:\/\/opensalt-staging.opened.com\/uri\/dc31d28f-8227-41b9-8720-1a54ae16b121"
        },
        "associationType": "exactMatchOf",
        "destinationNodeURI": {
            "title": "Destination",
            "identifier": "6efaa43a-be18-5015-bbe3-1699f599eadc",
            "uri": "http:\/\/opensalt-staging.opened.com\/uri\/6efaa43a-be18-5015-bbe3-1699f599eadc"
        },
        "lastChangeDateTime": "2017-05-25T18:05:33"
    }
                            ,                                    {
        "CFDocumentURI": "http:\/\/opensalt-staging.opened.com\/uri\/20c5134f-423d-4097-a971-3dd5152bf507",         "identifier": "8025465e-8208-493f-8492-1a8696037e63",
        "uri": "http:\/\/opensalt-staging.opened.com\/uri\/8025465e-8208-493f-8492-1a8696037e63",
                "originNodeURI": {
            "title": "Origin",
            "identifier": "22ae2386-364f-4ef7-adc1-12baff72243d",
            "uri": "http:\/\/opensalt-staging.opened.com\/uri\/22ae2386-364f-4ef7-adc1-12baff72243d"
        },
        "associationType": "isChildOf",
        "destinationNodeURI": {
            "title": "CCSS.Math.Content.7.RP.A.2",
            "identifier": "67fe61c2-0710-4db0-9844-df510976b733",
            "uri": "http:\/\/opensalt-staging.opened.com\/uri\/67fe61c2-0710-4db0-9844-df510976b733"
        },
        "lastChangeDateTime": "2017-05-25T18:05:33"
    }
                            ,                                    {
        "CFDocumentURI": "http:\/\/opensalt-staging.opened.com\/uri\/20c5134f-423d-4097-a971-3dd5152bf507",         "identifier": "c6565d02-7a7d-44f7-b5de-3e89aa32c39a",
        "uri": "http:\/\/opensalt-staging.opened.com\/uri\/c6565d02-7a7d-44f7-b5de-3e89aa32c39a",
                "originNodeURI": {
            "title": "Origin",
            "identifier": "22ae2386-364f-4ef7-adc1-12baff72243d",
            "uri": "http:\/\/opensalt-staging.opened.com\/uri\/22ae2386-364f-4ef7-adc1-12baff72243d"
        },
        "associationType": "exactMatchOf",
        "destinationNodeURI": {
            "title": "Destination",
            "identifier": "77271ade-f4e1-5c70-b5eb-5b2fe06f246e",
            "uri": "http:\/\/opensalt-staging.opened.com\/uri\/77271ade-f4e1-5c70-b5eb-5b2fe06f246e"
        },
        "lastChangeDateTime": "2017-05-25T18:05:33"
    }
                            ,                                    {
        "CFDocumentURI": "http:\/\/opensalt-staging.opened.com\/uri\/20c5134f-423d-4097-a971-3dd5152bf507",         "identifier": "ae169d4e-f719-48de-a1ca-b910e8a05e74",
        "uri": "http:\/\/opensalt-staging.opened.com\/uri\/ae169d4e-f719-48de-a1ca-b910e8a05e74",
                "originNodeURI": {
            "title": "Origin",
            "identifier": "b18dbab7-98a2-4598-bb46-3a73f56fe962",
            "uri": "http:\/\/opensalt-staging.opened.com\/uri\/b18dbab7-98a2-4598-bb46-3a73f56fe962"
        },
        "associationType": "isChildOf",
        "destinationNodeURI": {
            "title": "CCSS.Math.Content.7.RP.A.2",
            "identifier": "67fe61c2-0710-4db0-9844-df510976b733",
            "uri": "http:\/\/opensalt-staging.opened.com\/uri\/67fe61c2-0710-4db0-9844-df510976b733"
        },
        "lastChangeDateTime": "2017-05-25T18:05:33"
    }
                            ,                                    {
        "CFDocumentURI": "http:\/\/opensalt-staging.opened.com\/uri\/20c5134f-423d-4097-a971-3dd5152bf507",         "identifier": "76e33dea-5b86-4060-bea2-9c96a12a5384",
        "uri": "http:\/\/opensalt-staging.opened.com\/uri\/76e33dea-5b86-4060-bea2-9c96a12a5384",
                "originNodeURI": {
            "title": "Origin",
            "identifier": "b18dbab7-98a2-4598-bb46-3a73f56fe962",
            "uri": "http:\/\/opensalt-staging.opened.com\/uri\/b18dbab7-98a2-4598-bb46-3a73f56fe962"
        },
        "associationType": "exactMatchOf",
        "destinationNodeURI": {
            "title": "Destination",
            "identifier": "19e24aff-3d4c-5a70-ad1c-2848cc6d9220",
            "uri": "http:\/\/opensalt-staging.opened.com\/uri\/19e24aff-3d4c-5a70-ad1c-2848cc6d9220"
        },
        "lastChangeDateTime": "2017-05-25T18:05:33"
    }
                            ,                                    {
        "CFDocumentURI": "http:\/\/opensalt-staging.opened.com\/uri\/20c5134f-423d-4097-a971-3dd5152bf507",         "identifier": "2f721fb4-9e81-463f-b878-901a07baa9f0",
        "uri": "http:\/\/opensalt-staging.opened.com\/uri\/2f721fb4-9e81-463f-b878-901a07baa9f0",
                "originNodeURI": {
            "title": "Origin",
            "identifier": "693cfbbf-26bc-4e91-87ef-1badd646b720",
            "uri": "http:\/\/opensalt-staging.opened.com\/uri\/693cfbbf-26bc-4e91-87ef-1badd646b720"
        },
        "associationType": "exactMatchOf",
        "destinationNodeURI": {
            "title": "Destination",
            "identifier": "8ba17d3c-4a4e-507a-897c-4ea7d4a90f2f",
            "uri": "http:\/\/opensalt-staging.opened.com\/uri\/8ba17d3c-4a4e-507a-897c-4ea7d4a90f2f"
        },
        "lastChangeDateTime": "2017-05-25T18:05:33"
    }
                            ,                                    {
        "CFDocumentURI": "http:\/\/opensalt-staging.opened.com\/uri\/20c5134f-423d-4097-a971-3dd5152bf507",         "identifier": "5a57e8db-9c10-4c93-8041-d1e2da526941",
        "uri": "http:\/\/opensalt-staging.opened.com\/uri\/5a57e8db-9c10-4c93-8041-d1e2da526941",
                "originNodeURI": {
            "title": "Origin",
            "identifier": "693cfbbf-26bc-4e91-87ef-1badd646b720",
            "uri": "http:\/\/opensalt-staging.opened.com\/uri\/693cfbbf-26bc-4e91-87ef-1badd646b720"
        },
        "associationType": "isChildOf",
        "destinationNodeURI": {
            "title": "CCSS.Math.Content.7.RP.A",
            "identifier": "ddcf67a6-abf2-4df1-8d95-8752d65f0ec2",
            "uri": "http:\/\/opensalt-staging.opened.com\/uri\/ddcf67a6-abf2-4df1-8d95-8752d65f0ec2"
        },
        "lastChangeDateTime": "2017-05-25T18:05:33"
    }
                            ,                                    {
        "CFDocumentURI": "http:\/\/opensalt-staging.opened.com\/uri\/20c5134f-423d-4097-a971-3dd5152bf507",         "identifier": "fd349663-3904-4f28-b27d-9b07e6d0165c",
        "uri": "http:\/\/opensalt-staging.opened.com\/uri\/fd349663-3904-4f28-b27d-9b07e6d0165c",
                            "sequenceNumber": "2",
        "originNodeURI": {
            "title": "Origin",
            "identifier": "ddcf67a6-abf2-4df1-8d95-8752d65f0ec2",
            "uri": "http:\/\/opensalt-staging.opened.com\/uri\/ddcf67a6-abf2-4df1-8d95-8752d65f0ec2"
        },
        "associationType": "isChildOf",
        "destinationNodeURI": {
            "title": "What Standards Could Be",
            "identifier": "20c5134f-423d-4097-a971-3dd5152bf507",
            "uri": "http:\/\/opensalt-staging.opened.com\/uri\/20c5134f-423d-4097-a971-3dd5152bf507"
        },
        "lastChangeDateTime": "2017-05-25T18:05:33"
    }
                            ,                                    {
        "CFDocumentURI": "http:\/\/opensalt-staging.opened.com\/uri\/20c5134f-423d-4097-a971-3dd5152bf507",         "identifier": "74cf8429-f361-42a9-ad7b-c313ce9a38b9",
        "uri": "http:\/\/opensalt-staging.opened.com\/uri\/74cf8429-f361-42a9-ad7b-c313ce9a38b9",
                "originNodeURI": {
            "title": "Origin",
            "identifier": "eceec0fb-e4de-4ef3-a48f-0987b366c9ae",
            "uri": "http:\/\/opensalt-staging.opened.com\/uri\/eceec0fb-e4de-4ef3-a48f-0987b366c9ae"
        },
        "associationType": "precedes",
        "destinationNodeURI": {
            "title": "Destination",
            "identifier": "61a66013-f85c-59c7-bdba-a2c9030e1c21",
            "uri": "http:\/\/opensalt-staging.opened.com\/uri\/61a66013-f85c-59c7-bdba-a2c9030e1c21"
        },
        "lastChangeDateTime": "2017-05-25T18:09:58"
    }
                            ,                                    {
        "CFDocumentURI": "http:\/\/opensalt-staging.opened.com\/uri\/20c5134f-423d-4097-a971-3dd5152bf507",         "identifier": "09c435b5-d488-4371-b826-9a5caff06f36",
        "uri": "http:\/\/opensalt-staging.opened.com\/uri\/09c435b5-d488-4371-b826-9a5caff06f36",
                "originNodeURI": {
            "title": "Origin",
            "identifier": "b6f61076-aa12-450b-8f9d-b86bc071f85e",
            "uri": "http:\/\/opensalt-staging.opened.com\/uri\/b6f61076-aa12-450b-8f9d-b86bc071f85e"
        },
        "associationType": "precedes",
        "destinationNodeURI": {
            "title": "CCSS.Math.Content.6.RP.A.2",
            "identifier": "eceec0fb-e4de-4ef3-a48f-0987b366c9ae",
            "uri": "http:\/\/opensalt-staging.opened.com\/uri\/eceec0fb-e4de-4ef3-a48f-0987b366c9ae"
        },
        "lastChangeDateTime": "2017-06-06T19:42:03"
    }
                            ,                                    {
        "CFDocumentURI": "http:\/\/opensalt-staging.opened.com\/uri\/20c5134f-423d-4097-a971-3dd5152bf507",         "identifier": "a8710e99-67e8-4516-85b6-4ae8cc6dfc24",
        "uri": "http:\/\/opensalt-staging.opened.com\/uri\/a8710e99-67e8-4516-85b6-4ae8cc6dfc24",
                "originNodeURI": {
            "title": "Origin",
            "identifier": "d83a65ed-770c-4dbe-a505-11e5e17a9a79",
            "uri": "http:\/\/opensalt-staging.opened.com\/uri\/d83a65ed-770c-4dbe-a505-11e5e17a9a79"
        },
        "associationType": "precedes",
        "destinationNodeURI": {
            "title": "CCSS.Math.Content.7.RP.A.3",
            "identifier": "693cfbbf-26bc-4e91-87ef-1badd646b720",
            "uri": "http:\/\/opensalt-staging.opened.com\/uri\/693cfbbf-26bc-4e91-87ef-1badd646b720"
        },
        "lastChangeDateTime": "2017-06-06T19:42:36"
    }
                            ,                                    {
        "CFDocumentURI": "http:\/\/opensalt-staging.opened.com\/uri\/20c5134f-423d-4097-a971-3dd5152bf507",         "identifier": "02b65381-825f-4515-9f99-b757a6c770b9",
        "uri": "http:\/\/opensalt-staging.opened.com\/uri\/02b65381-825f-4515-9f99-b757a6c770b9",
                "originNodeURI": {
            "title": "Origin",
            "identifier": "edfce0e7-dbbf-40d5-af1a-baccabef85e9",
            "uri": "http:\/\/opensalt-staging.opened.com\/uri\/edfce0e7-dbbf-40d5-af1a-baccabef85e9"
        },
        "associationType": "exemplar",
        "destinationNodeURI": {
            "title": "Destination",
            "identifier": "5586f197-b5fc-53c6-89cd-ec2d106082bf",
            "uri": "http:\/\/opensalt-staging.opened.com\/uri\/https:\/\/www.illustrativemathematics.org\/content-standards\/6\/RP\/A\/1\/tasks\/1181"
        },
        "lastChangeDateTime": "2017-06-06T20:31:48"
    }
                            ,                                    {
        "CFDocumentURI": "http:\/\/opensalt-staging.opened.com\/uri\/20c5134f-423d-4097-a971-3dd5152bf507",         "identifier": "5730bb2c-c4cf-46f5-8fad-eceea49e5d32",
        "uri": "http:\/\/opensalt-staging.opened.com\/uri\/5730bb2c-c4cf-46f5-8fad-eceea49e5d32",
                "originNodeURI": {
            "title": "Origin",
            "identifier": "67fe61c2-0710-4db0-9844-df510976b733",
            "uri": "http:\/\/opensalt-staging.opened.com\/uri\/67fe61c2-0710-4db0-9844-df510976b733"
        },
        "associationType": "exemplar",
        "destinationNodeURI": {
            "title": "Destination",
            "identifier": "211e2b17-829a-5093-8359-618d18964893",
            "uri": "http:\/\/opensalt-staging.opened.com\/uri\/https:\/\/www.opened.com\/video\/fractions-proportions-understanding-math-ratios\/115642"
        },
        "lastChangeDateTime": "2017-06-06T21:04:10"
    }
                            ,                                    {
        "CFDocumentURI": "http:\/\/opensalt-staging.opened.com\/uri\/20c5134f-423d-4097-a971-3dd5152bf507",         "identifier": "eff9cea9-cc69-4a33-8ff9-2f640177e7af",
        "uri": "http:\/\/opensalt-staging.opened.com\/uri\/eff9cea9-cc69-4a33-8ff9-2f640177e7af",
                "originNodeURI": {
            "title": "Origin",
            "identifier": "ddcf67a6-abf2-4df1-8d95-8752d65f0ec2",
            "uri": "http:\/\/opensalt-staging.opened.com\/uri\/ddcf67a6-abf2-4df1-8d95-8752d65f0ec2"
        },
        "associationType": "isRelatedTo",
        "destinationNodeURI": {
            "title": "Destination",
            "identifier": "69901c60-9e78-5cf0-a13e-e6a2ab3d7316",
            "uri": "http:\/\/opensalt-staging.opened.com\/uri\/69901c60-9e78-5cf0-a13e-e6a2ab3d7316"
        },
        "lastChangeDateTime": "2017-06-07T17:36:30"
    }
                            ,                                    {
        "CFDocumentURI": "http:\/\/opensalt-staging.opened.com\/uri\/20c5134f-423d-4097-a971-3dd5152bf507",         "identifier": "34fa9ce1-668b-4455-b74d-db9812771ebc",
        "uri": "http:\/\/opensalt-staging.opened.com\/uri\/34fa9ce1-668b-4455-b74d-db9812771ebc",
                "originNodeURI": {
            "title": "Origin",
            "identifier": "40f75f2b-8de6-4ff4-b28c-ac64c658777a",
            "uri": "http:\/\/opensalt-staging.opened.com\/uri\/40f75f2b-8de6-4ff4-b28c-ac64c658777a"
        },
        "associationType": "isRelatedTo",
        "destinationNodeURI": {
            "title": "Destination",
            "identifier": "d9a4ab74-dd9a-587a-b993-64e523e16c72",
            "uri": "http:\/\/opensalt-staging.opened.com\/uri\/d9a4ab74-dd9a-587a-b993-64e523e16c72"
        },
        "lastChangeDateTime": "2017-06-07T17:37:08"
    }
                    ]    ,"CFDefinitions": {
            "CFItemTypes": [
                                                                                {
        "identifier": "5b5f9983-eabb-4661-aca4-9e0c81046772",
        "uri": "http:\/\/opensalt-staging.opened.com\/uri\/5b5f9983-eabb-4661-aca4-9e0c81046772",
        "title": "Cluster",
        "description": null,
        "hierarchyCode": "1",
        "typeCode": "Cluster",        "lastChangeDateTime": "2017-02-14T20:34:39"
    }
                                    ,                                            {
        "identifier": "bbc1a9ba-640e-4bf2-a52c-b1cec75b4ee7",
        "uri": "http:\/\/opensalt-staging.opened.com\/uri\/bbc1a9ba-640e-4bf2-a52c-b1cec75b4ee7",
        "title": "Standard",
        "description": null,
        "hierarchyCode": "1",
        "typeCode": "Standard",        "lastChangeDateTime": "2017-02-14T20:34:39"
    }
                                    ,                                            {
        "identifier": "25e51172-9ee2-4990-806f-1bceb32633d1",
        "uri": "http:\/\/opensalt-staging.opened.com\/uri\/25e51172-9ee2-4990-806f-1bceb32633d1",
        "title": "Component",
        "description": null,
        "hierarchyCode": "1",
        "typeCode": "Component",        "lastChangeDateTime": "2017-02-14T20:34:39"
    }
                            ]
                                                        }}

